"subreddit","subscribers","created","keywords","title","description"
"CharacterAI",2524399,2022-08-26,"ai","Character.AI","Character.AI lets you create and talk to advanced AI - language tutors, text adventure games, brainstorming and much more."
"aiArt",613269,2017-02-23,"ai","Welcome to ai Art!","Welcome to r/aiArt! A community dedicated to the creation and exploration of AI-generated art, including images, music, and written works. For videos please visit r/AiVideos. Whether you're experimenting with AI tools or showcasing your latest creations, this is the place to share, discuss, and inspire!"
"singularity",3685176,2008-01-27,"ai|machine learning|webdev|startups","Singularity","Everything pertaining to the technological singularity and related topics, e.g. AI, human enhancement, etc."
"artificial",1078134,2008-03-13,"ai|machine learning","Artificial Intelligence (AI)","Reddit’s home for Artificial Intelligence (AI)"
"OpenAI",2333735,2015-12-11,"ai|machine learning","OpenAI","OpenAI is an AI research and deployment company. OpenAI's mission is to create safe and powerful AI that benefits all of humanity. We are an unofficially-run community. OpenAI makes Sora, ChatGPT, and DALL·E 3.
[Help Center](https://help.openai.com/en/)
***"
"ChatGPT",10113442,2022-12-01,"ai","ChatGPT","Subreddit to discuss ChatGPT and AI. Not affiliated with OpenAI. Thanks, Nat!"
"ArtificialInteligence",1450950,2016-02-24,"ai|machine learning","Artificial Intelligence","A subreddit dedicated to everything Artificial Intelligence. Covering topics from AGI to AI startups. Whether you're a researcher, developer, or simply curious about AI, Jump in!!!"
"AI_Agents",129418,2023-04-28,"ai","AI Agents","A place for discussion around the use of AI Agents and related tools. AI Agents are LLMs that have the ability to ""use tools"" or ""execute functions"" in an autonomous or semi-autonomous (also known as human-in-the-loop) fashion.

Follow our event calendar: https://lu.ma/oss4ai

Join us on Discord! https://discord.gg/6tGkQcFjBY"
"ClaudeAI",205883,2023-01-23,"ai","ClaudeAI","This is a Claude-information subreddit which aims to help everyone make a fully informed decision about how to use Claude to best effect for their individual purposes. 
[⠀]
This subreddit is not controlled, operated or sanctioned by Anthropic. Please read the rules below before contributing. 
[⠀]
If your problem requires Anthropic's direct help, visit https://support.anthropic.com/ or chat directly to staff on their Discord at https://anthropic.com/discord"
"Futurology",21577699,2011-12-12,"ai|machine learning|data|startups","Future(s) Studies","A subreddit devoted to the field of Future(s) Studies and evidence-based speculation about the development of humanity, technology, and civilization.




 --------   You can also find us in the fediverse at - https://futurology.today"
"StableDiffusion",689561,2022-07-23,"ai","StableDiffusion","/r/StableDiffusion is an unofficial community embracing the open-source material of all related. Post art, ask questions, create discussions, contribute new tech, or browse the subreddit. It’s up to you."
"IndianArtAI",210842,2023-07-01,"ai","Indian Art and Generative AI","A place for you to showcase India's incredible beauty through generative AI. Please post your photos and videos. This community will support you through your AI journey. Everything on here should be generated using AI tools with Indian elements or made by AI artists in India.

SFW content only. When in doubt, if it's border line NSFW or politically triggering, then resist posting. Showcase AI capabilities instead of political discourse. 

Photos and videos welcome."
"eu4",375821,2012-08-10,"ai","Europa Universalis IV","A place to share content, ask questions and/or talk about the grand strategy game Europa Universalis IV by Paradox Development Studio."
"civ",641907,2010-03-03,"ai","Sid Meier's Civilization","A subreddit dedicated to Sid Meier's Civilization, the popular turn-based strategy games.

“We must learn from our past. The future is waiting.”"
"Stellaris",471610,2015-07-30,"ai","/r/Stellaris","A place to share content, ask questions and/or talk about the 4X grand strategy game Stellaris by Paradox Development Studio."
"hoi4",448882,2014-01-23,"ai","Hearts of Iron","A place to share content, ask questions and/or talk about the grand strategy game Hearts of Iron IV by Paradox Development Studio."
"totalwar",447772,2010-05-03,"ai","Total Wareddit","A subreddit for the Total War strategy game series, made by Creative Assembly.

Discussions, strategies, stories, crude cave-drawings, and more for Medieval 2, Empire, Shogun 2, Rome 2, Attila, Thrones of Britannia, Warhammer, Three Kingdoms, Troy, Pharaoh and others."
"france",2400752,2008-03-19,"ai","France","La France, les Français et même les francophones. Français ou anglais seulement."
"CrusaderKings",481760,2012-01-28,"ai","Crusader Kings","Crusader Kings is a historical grand strategy / RPG game series for PC, Mac, Linux, PlayStation 5 & Xbox Series X|S developed & published by Paradox Development Studio. Engage in courtly intrigue, dynastic struggles, and holy warfare in mediæval Europe, Africa, the Middle East, India, the steppes and Tibet. Can you achieve fame and fortune for your noble family, or will your names be forgotten to history?"
"WritingPrompts",18886979,2010-09-07,"ai","Prompts and motivation to create something out of nothing","Writing Prompts. You're a writer and you just want to flex those muscles? You've come to the right place! If you see a prompt you like, simply write a short story based on it. Get comments from others, and leave commentary for other people's works. Let's help each other."
"Romania",1075347,2008-09-04,"ai","Reddit Romania","Romania, a country famous for its beautiful landscapes, rich history and awesome people. This is our little Romanian corner of Reddit!"
"MachineLearning",2964378,2009-07-29,"ai|machine learning|data","Machine Learning","Beginners -> /r/mlquestions or /r/learnmachinelearning , AGI -> /r/singularity, career advices -> /r/cscareerquestions, datasets -> r/datasets"
"Showerthoughts",34161660,2011-10-18,"ai|machine learning|data|programming","Showerthoughts","A subreddit for sharing those miniature epiphanies that make the mundane more amazing."
"LocalLLaMA",459262,2023-03-10,"ai","LocalLlama","Subreddit to discuss about Llama, the large language model created by Meta AI."
"F1Game",237049,2014-09-29,"ai","F1Game","The home of EA SPORTS F1 on Reddit! Unofficial, fan-run community for all Codemasters F1 games."
"Quebec",317325,2008-03-14,"ai","Québec","Je me souviens"
"conspiracy",2208645,2008-01-25,"ai|data|programming","conspiracy","This is a forum for free thinking and for discussing issues which have captured your imagination. Please respect other views and opinions, and keep an open mind. Our goal is to create a fairer and more transparent world for a better future."
"midjourney",1745083,2022-03-12,"ai","midjourney","Midjourney is an image generator that lets you explore new ideas that unlocks your creativity. "
"aoe2",179652,2011-04-24,"ai","Age of Empires II","A community for AoE2 enthusiasts"
"GoodAssSub",133328,2022-04-12,"ai","/r/GoodAssSub","DONDA 2 OUT NOW X @GoodAssSubX 🥷🏿 
"
"EscapefromTarkov",1087675,2015-11-09,"ai","Escape From Tarkov","The unofficial subreddit for the video game Escape From Tarkov developed by BattleState Games"
"italy",1084618,2008-07-25,"ai","Reddit Italy","Reddit Italy - Italia

Welcome everyone! This is a place to post and discuss anything related to Italy. We also speak English!"
"rance",705540,2012-07-27,"ai","C'est comme r/france, en pas pareil.","r/rance, c'est comme une grenouille : si tu l'observe, c'est rigolo ; si tu veux la comprendre, il faut la disséquer, mais tu ne pourras plus jamais l'observer"
"EASportsFC",1323088,2009-04-28,"ai","EA Sports FC","The front page of EA Sports FC & FIFA"
"SideProject",360393,2013-01-16,"ai|webdev|startups","r/SideProject - A community for sharing side projects","r/SideProject is a subreddit for sharing and receiving constructive feedback on side projects."
"learnmachinelearning",509673,2016-02-23,"ai|machine learning","Learn Machine Learning","Welcome to r/learnmachinelearning - a community of learners and educators passionate about machine learning!


This is your space to ask questions, share resources, and grow together in understanding ML concepts - from basic principles to advanced techniques. Whether you're writing your first neural network or diving into transformers, you'll find supportive peers here.


For ML research, /r/machinelearning
For resume review, /r/engineeringresumes
For ML engineers, /r/mlengineering
"
"wallstreetbets",18716563,2012-01-31,"ai","wallstreetbets","Like 4chan found a Bloomberg Terminal."
"halo",1963260,2008-06-17,"ai","Reddit Halo","Reddit's home for all things Halo, the game franchise developed by Halo Studios"
"ReadyOrNotGame",124421,2017-05-04,"ai","Ready Or Not","Welcome to the Ready Or Not subreddit, a community for fans or people who are interested in the game Ready Or Not."
"FifaCareers",308077,2012-04-28,"ai","FIFA Careers: All Things Career Mode","/r/FIFACareers is dedicated to the Career Mode of EA Sports' FIFA Series. 

Have a question about how to better your squad? Want to show off your lineup? Share your experiences and help others with what you know!"
"AITAH",4847350,2021-03-16,"ai","AITAH","This is a community like r/AmITheAsshole, except unlike that subreddit you can post interpersonal conflicts. Anything that's AITA including relationships, hypotheticals, even posting about Scar from the Lion King and trying to convince redditors that he was not the AH.

rules: don't berate others and no pornography we have children here"
"datascience",2668736,2011-08-06,"machine learning|data","Data Science","A space for data science professionals to engage in discussions and debates on the subject of data science."
"Python",1352546,2008-01-24,"machine learning|data|programming|webdev","Python","The official Python community for Reddit! Stay up to date with the latest news, packages, and meta information relating to the Python programming language. 
---

If you have questions or are new to Python use r/LearnPython"
"cscareerquestions",2245861,2011-03-18,"machine learning|programming|webdev|startups","Computer Science Career Questions","CSCareerQuestions is a community for  those who  are in  the process of entering or are already part of the computer science field. Our goal is to help navigate and share challenges of the industry and strategies to be  successful . "
"deeplearning",192030,2011-11-27,"machine learning","Deep Learning",""
"compsci",3994675,2008-03-23,"machine learning|programming","Computer Science: Theory and Application","Computer Science Theory and Application. We share and discuss any content that computer scientists find interesting. People from all walks of life welcome, including hackers, hobbyists, professionals, and academics."
"statistics",595785,2008-03-13,"machine learning|data","statistics","/r/Statistics is going dark from June 12-14th as an act of protest against Reddit's treatment of 3rd party app developers.

_This community will not grant access requests during the protest. Please do not message asking to be added to the subreddit._"
"learnprogramming",4206558,2009-09-23,"machine learning|data|programming|webdev","learn programming","A subreddit for all questions related to programming in any language."
"algotrading",1786524,2012-06-17,"machine learning|data","Algorithmic Trading","A place for redditors to discuss quantitative trading, statistical methods, econometrics, programming, implementation, automated strategies, and bounce ideas off each other for constructive criticism. Feel free to submit papers/links of things you find interesting."
"computervision",115680,2010-01-14,"machine learning","Computer Vision","Computer Vision is the scientific subfield of AI concerned with developing algorithms to extract meaningful information from raw images, videos, and sensor data. This community is home to the academics and engineers both advancing and applying this interdisciplinary field, with backgrounds in computer science, machine learning, robotics, mathematics, and more. 
We welcome everyone from published researchers to beginners!"
"learnpython",923659,2009-10-02,"machine learning|data|programming","Python Education","Subreddit for posting questions and asking for general advice about all topics related to learning python."
"sportsbetting",407850,2010-09-17,"machine learning","r/SportsBetting - The Sports Betting Forum at Reddit","Reddit's sports betting forum, dedicated to sports betting picks for all sports - free football picks today, basketball sports betting picks, free baseball bets, hockey sports bets, NFL sports betting, free NBA picks today, free MLB picks, tennis sports bets, and more! Small sports bets to huge parlays. Slight favorites to big underdogs. All action is welcome here!"
"AWSCertifications",130874,2016-12-07,"machine learning","AWS Certifications","This subreddit focuses solely on AWS Certifications. Bring in your discussions, questions , opinions, news and comments around AWS certifications areas like prep tips, clarifications, lessons learned."
"bioinformatics",133011,2008-01-24,"machine learning","bioinformatics","## A subreddit to discuss the intersection of computers and biology.
------

A subreddit dedicated to bioinformatics, computational genomics and systems biology."
"rust",345415,2010-12-02,"machine learning|programming|webdev","The Rust Programming Language","A place for all things related to the Rust programming language—an open-source systems language that emphasizes performance, reliability, and productivity."
"FantasyPL",751055,2011-07-21,"machine learning","Fantasy Premier League","r/FantasyPL is dedicated to all things FPL, the official fantasy game of the Premier League."
"quant",134540,2008-07-08,"machine learning","Quantitative Finance","A subreddit for the quantitative finance: discussions, resources and research."
"math",3894767,2008-01-24,"machine learning","math","This subreddit is for discussion of mathematics. All posts and comments should be directly related to mathematics, including topics related to the practice, profession and community of mathematics."
"computerscience",444025,2008-06-23,"machine learning|programming","Computer Science","The hot spot for CS on reddit."
"cscareerquestionsEU",144263,2017-02-20,"machine learning","CS Career Questions Europe","A subreddit for those with questions about computer science & IT careers within Europe"
"sewing",2105628,2011-03-06,"machine learning","Sewing - A community for people that sew","Sewing for everybody and every body.    

This is a community specifically for the hobby of sewing including, but not limited to: machine sewing, hand sewing, embroidery, quilting, mending, garment sewing, fitting/alterations and help/suggestion threads."
"nba",16171072,2008-11-04,"machine learning","NBA","A community for NBA discussion."
"developersIndia",1306424,2020-01-21,"machine learning|webdev|startups","The developersIndia Community","A wholesome community made by & for software & tech folks in India.
Have a doubt? Ask it out."
"apple",6222581,2008-01-24,"machine learning","r/Apple: Unofficial Apple Community","An unofficial community about Apple and all of its devices and software."
"buildapc",8052515,2010-04-10,"machine learning","/r/buildapc - Planning on building a computer but need some advice? This is the place to ask!","Planning on building a computer but need some advice? This is the place to ask!


 /r/buildapc is a community-driven subreddit dedicated to custom PC assembly. Anyone is welcome to seek the input of our helpful community as they piece together their desktop."
"india",2959719,2008-01-24,"machine learning|data|startups","India: United We Stand","The Official Subreddit for India"
"SubSimulatorGPT2",142965,2019-05-26,"machine learning","Subreddit Simulator using GPT-2","Subreddit Simulator using GPT-2"
"Unity3D",411254,2009-04-12,"machine learning|programming","Unity 3D -  News, Help, Resources, and Showcase","A subreddit for News, Help, Resources, and Conversation regarding Unity, the game engine. 

Do NOT use your phone to take screenshots. Video and photos of computer screens taken by phones are NOT allowed. All screenshots must be grabbed from the computer itself. "
"Amd",2201185,2010-07-01,"machine learning","/r/AMD — For all things Ryzen, Radeon and more","Welcome to /r/AMD — the subreddit for all things AMD; come talk about Ryzen, Radeon, Zen 5, RDNA 4, EPYC, Threadripper, rumors, reviews, news and more.

/r/AMD is community run and does not represent AMD in any capacity unless specified."
"csMajors",361664,2014-10-05,"machine learning|webdev","Students of Computer Science!","All about studying and students of computer science."
"deepdream",105067,2015-07-02,"machine learning","Dreaming Neural Nets","Effective imminently, r/DeepDream is going dark for 48 hours in support of third party apps and NSFW API access. Check out /r/Save3rdPartyApps and /r/ModCoord for more information."
"DataHoarder",851040,2013-05-10,"data","It's A Digital Disease!","This is a sub that aims at bringing data hoarders together to share their passion with like minded people."
"dataengineering",313926,2015-02-06,"data","Data Engineering","News & discussion on Data Engineering topics, including but not limited to: data pipelines, databases, data formats, storage, data modeling, data governance, cleansing, NoSQL, distributed systems, streaming, batch, Big Data, and workflow engines."
"dataanalysis",161671,2014-07-29,"data","Data Analysis: share tips & resources, ask questions, get help.","This is a place to discuss and post about data analysis.

Rules:

- Career-focused questions belong in r/DataAnalysisCareers
- Comments should remain civil and courteous.
- All reddit-wide rules apply here.
- Do not post personal information.
- No facebook or social media links.
- Do not spam.
- No 3rd party URL shorteners"
"excel",786996,2009-03-11,"data","Microsoft Excel | Help & Support with your Formula, Macro, and VBA problems | A Reddit Community","A vibrant community of Excel enthusiasts. Get expert tips, ask questions, and share your love for all things Excel. Elevate your spreadsheet skills with us!"
"privacy",1474782,2008-03-21,"data","Privacy in the digital age","Privacy in the digital age (this is not a SECURITY subreddit, and PUBLIC data, closed source, etc is off-topic)"
"datasets",203483,2009-10-08,"data","Datasets","A place to share, find, and discuss Datasets."
"Superstonk",1148540,2021-03-15,"data","💎🙌Superstonk🚀🦍","A place for theoretical discussions about GameStop stock ($GME). Opinions and memes welcome. Suspected crypto coin scams such as the ""Superstonk"" coin and ""DumbMoney"" crypto coin (with the symbol ""$GME"") have nothing to do with GameStop stock. None of this is financial advice."
"tmobile",195431,2011-05-17,"data","The Un-official subreddit of the Re-carrier: T-Mobile","Welcome to the subreddit of the best wireless carrier in the industry! T-Mobile is the second largest wireless carrier in the U.S. offering affordable plans, the fastest network in America, no contract, and no overages. This is the place to discuss everything magenta!"
"CryptoCurrency",9895301,2013-03-11,"data|startups","Cryptocurrency News & Discussion","The leading community for cryptocurrency news, discussion, and analysis."
"australia",2652848,2008-01-26,"data","Australia","A dusty corner on the internet where you can chew the fat about Australia and Australians."
"analytics",213590,2010-02-10,"data","Analytics","Dedicated to web analytics, data and business analytics. We're here to discuss analysis of data, learning of skills and implementation of web analytics."
"canada",3989177,2008-01-25,"data","Canada","Welcome to Canada’s official subreddit! This is the place to engage on all things Canada. Nous parlons en anglais et en français. Please be respectful of each other when posting, and note that users new to the subreddit might experience posting limitations until they become more active and longer members of the community. Do not hesitate to message the mods if you experience any issues!"
"ukpolitics",516415,2008-03-08,"data","UK Politics","Political news and debate concerning the United Kingdom.

The rules of the subreddit can be found in detail here: https://www.reddit.com/r/ukpolitics/wiki/rules"
"Conservative",1261160,2008-01-25,"data","Conservative","https://x.com/rcondiscord
https://discord.gg/conservative"
"amcstock",521870,2021-01-27,"data","amcstock","The Official AMC Stock Subreddit"
"sysadmin",1034652,2008-10-21,"data|webdev","Sysadmin","A reddit dedicated to the profession of Computer System Administration."
"gis",125954,2008-09-20,"data","Geographic Information Systems","A community dedicated to everything GIS (Geographic Information Systems)."
"startrek",1009582,2008-06-17,"data","Star Trek news and discussion","A casual, constructive, and most importantly, welcoming place on the internet to talk about Star Trek"
"PowerBI",161261,2014-03-27,"data","Microsoft Power BI","Everything you need to know about Power BI: news, resources, and a community of super users ready to answer questions!"
"unitedkingdom",5275795,2008-04-02,"data","United Kingdom","For the United Kingdom of Great Britain (England, Scotland, Wales) and Northern Ireland; News, Politics, Economics, Society, Business, Culture, discussion and anything else UK related."
"Android",3078459,2008-08-27,"data","Android","Android news, reviews, tips, and discussions about rooting, tutorials, and apps. General discussion about devices is welcome. Please direct technical support, upgrade questions, buy/sell, app recommendations, and carrier-related issues to other subreddits."
"KingdomHearts",353812,2010-09-05,"data","Kingdom Hearts","/r/KingdomHearts is a place to discuss the series by Square Enix.

Please feel free to join the official Kingdom Hearts discord community: https://discord.com/invite/kingdomhearts"
"SQL",235980,2008-11-29,"data","News and Notes on the Structured Query Language","The goal of /r/SQL is to provide a place for interesting and informative SQL content and discussions."
"DBZDokkanBattle",274121,2015-05-05,"data","DBZ: Dokkan Battle","Everything about Dragon Ball Z: Dokkan Battle! This subreddit is for both the Global and Japanese versions of the game. Please feel free to share information, guides, tips, news, questions and everything else related to Dokkan Battle."
"AskProgramming",174214,2011-03-30,"programming","AskProgramming","Ask questions about programming."
"C_Programming",192485,2008-03-27,"programming","C","The subreddit for the C programming language"
"ProgrammingLanguages",110318,2008-05-28,"programming","Programming Languages","This subreddit is dedicated to the theory, design and implementation of programming languages."
"gamedev",1886513,2008-05-19,"programming|webdev","Game Development Discussions on Reddit","The subreddit covers various game development aspects, including programming, design, writing, art, game jams, postmortems, and marketing. It serves as a hub for game creators to discuss and share their insights, experiences, and expertise in the industry."
"webdev",3023799,2009-01-24,"programming|webdev","webdev: reddit for web developers","A community dedicated to all things web development: both front-end and back-end. For more design-related questions, try /r/web_design."
"programminghorror",368165,2012-03-14,"programming","Programming Horror: Sharing the WTFs","Share strange or straight-up awful code."
"javascript",2403801,2008-01-25,"programming|webdev","𝚓𝚊𝚟𝚊𝚜𝚌𝚛𝚒𝚙𝚝","Chat about javascript and javascript related projects. Yes, typescript counts. Please keep self promotion to a minimum/reasonable level."
"csharp",290560,2008-03-10,"programming|webdev","C#","All about the object-oriented programming language C#."
"shittyprogramming",103021,2012-06-11,"programming","Shitty Programming","r/ShittyProgramming is participating in the Reddit blackout begging June 12th to protest the planned API changes that will kill third party apps.

More here: https://www.theverge.com/2023/6/10/23756476/ & https://archive.is/RtZdp.

For general news and info on the situation: r/Save3rdPartyApps and r/ModCoord.

Join the r/ShittyProgramming Discord server to discuss whatever: https://discord.gg/shittyprogramming

We will not be adding approved users to the subreddit during the blackout."
"AskComputerScience",138609,2011-05-11,"programming","AskComputerScience","Ask Computer Science Questions And Get Answers!  This subreddit is intended for questions about topics that might be taught by a computer science department at a university."
"powerlifting",576178,2010-10-03,"programming","Powerlifting","This is a sub for the sport of powerlifting"
"SuggestALaptop",167410,2010-09-27,"programming","Get 💻 laptop suggestions from geeks that know","A place for prospective laptop buyers to get suggestions from people who know the intimate details of the hardware. Please use the laptop form while posting a new request: bit.ly/3cIzaWC"
"golang",308888,2009-11-10,"programming|webdev","The Go Programming Language","Ask questions and post articles about the Go programming language and related tools, events etc."
"crossfit",1833418,2008-12-25,"programming","CrossFit on reddit","A community for discussing all things CrossFit, including:
• The methodology – weightlifting, functional fitness, training, lifestyle, and tips.
• The sport – athletes, competitions, endorsements, and events.
• The organization – CrossFit’s management, policies, and growth.
• Affiliates – advice on gyms, ownership, and coaching.
• The ecosystem – media, personalities, and industry trends.

Whether you’re here to improve your training or follow the sport, this is the place for you."
"cpp",315741,2008-05-26,"programming","C++","Discussions, articles and news about the C++ programming language or programming in C++."
"PLC",105983,2009-05-06,"programming","PLC - Programmable Logic Controllers","This sub is dedicated to discussion and questions about Programmable Logic Controllers (PLCs): ""an industrial digital computer that has been ruggedized and adapted for the control of manufacturing processes, such as assembly lines, robotic devices, or any activity that requires high reliability, ease of programming, and process fault diagnosis."""
"AskReddit",54865781,2008-01-24,"programming","Ask Reddit...","r/AskReddit is the place to ask and answer thought-provoking questions."
"iOSProgramming",160629,2010-11-01,"programming","iOS Programming","A subreddit to discuss, share articles, code samples, open source projects and anything else related to iOS, macOS, watchOS, tvOS, or visionOS development."
"arduino",704986,2008-07-29,"programming","Arduino","An unofficial place for all things Arduino! 
We all learned this stuff from some kind stranger on the internet. Bring us your Arduino questions or help answer something you might know! 😉"
"embedded",209671,2008-06-09,"programming","Embedded","This sub is dedicated to discussion and questions about embedded systems: ""a controller programmed and controlled by a real-time operating system (RTOS) with a dedicated function within a larger mechanical or electrical system, often with real-time computing constraints."""
"PinoyProgrammer",275074,2014-09-08,"programming|webdev","Place for Pinoy Programmers to Hangout","Community of Pinoy programmers to share ideas, projects, job vacancies and socialize with fellow programmers."
"SquaredCircle",1152587,2011-06-28,"programming","r/SquaredCircle","Reddit's largest professional wrestling community!"
"MechanicalKeyboards",1322153,2012-07-08,"programming","r/MechanicalKeyboards for all the Click and None of the Clack!","/r/MechanicalKeyboards is about typing input devices for users of all range of budgets. We provide news / PSAs about the hobby and community hosted content. Feel free to check out our other resources and links to related communities."
"java",363633,2008-03-09,"programming","Java News/Tech/Discussion/etc. No programming help, no learning Java","News, Technical discussions, research papers and assorted things of interest related to the Java programming language
NO programming help, NO learning Java related questions, NO installing or downloading Java questions, NO JVM languages - Exclusively Java"
"explainlikeimfive",23231952,2011-07-28,"programming","Explain Like I'm Five | Don't Panic!","Explain Like I'm Five is the best forum and archive on the internet for layperson-friendly explanations.


Don't Panic!"
"web_design",919485,2008-01-24,"webdev","web_design","Web Design"
"freelance",591593,2008-04-10,"webdev","freelance","Articles of interest for freelancers and people who want to become one. Violating the rules (https://www.reddit.com/r/freelance/about/rules) will cause your post/comment will be removed and you will be banned permanently."
"PHP",183022,2008-01-25,"webdev","PHP: The latest news in the PHP world","Share and discover the latest news about the PHP ecosystem and its community.

Please respect r/php's rules."
"Frontend",299696,2011-08-17,"webdev","Bringing the web out of 2007 since 2013.","/r/frontend is a subreddit for front end web developers who want to move the web forward or want to learn how. If you're looking to find or share the latest and greatest tips, links, thoughts, and discussions  on the world of front web development, this is the place to do it."
"Wordpress",259958,2008-03-18,"webdev","WordPress","The place for news, articles and discussion regarding anything related to WordPress, the open source software. Wordpress.com-related questions should be posted to https://wordpress.com/forums/"
"forhire",462926,2009-05-27,"webdev|startups","redditors for hire","Some redditors are skilled professionals, some redditors need skilled professionals. 


Scroll down for general information and our rules. Please read through these carefully, as breaking them can be a bannable offense."
"brdev",243717,2016-01-25,"webdev","O Reddit para Desenvolvedores e Profissionais de TI","Bem-vindo à nossa comunidade! 
Todos os assuntos relacionados a TI, programação e afins são bem-vindos no r/brdev"
"css",134275,2008-06-02,"webdev","Cascading Style Sheets","A community for discussing about CSS (Cascading Style Sheets), Web Design and surrounding relevant topics. Feel free to discuss, ask questions, share projects and do other things related to CSS here."
"reactjs",457106,2013-12-30,"webdev","/r/ReactJS - The Front Page of React","A community for discussing anything related to the React UI framework and its ecosystem.  Join the Reactiflux Discord (reactiflux.com) for additional React discussion and help."
"webhosting",106872,2008-10-01,"webdev","Webhosting : Everything from shell accounts to cloud hosting.","This is a place to discuss everything related to web and cloud hosting. From shared hosting to bare metal servers, and everything in between. Post reviews of your current and past hosts, post questions to the community regarding your needs, or simply offer help to your fellow redditors."
"unixporn",533574,2011-09-27,"webdev","r/unixporn - the home for *NIX customization!","Submit screenshots of all your *NIX desktops, themes, and nifty configurations, or submit anything else that will make ricers happy. Maybe a server running on an Amiga, or a Thinkpad signed by Bjarne Stroustrup? Show the world how pretty your computer can be!"
"learnjavascript",277767,2012-04-04,"webdev","Learn Javascript","This subreddit is for anyone who wants to learn JavaScript or help others do so. 

Questions and posts about frontend development in general are welcome, as are all posts pertaining to JavaScript on the backend."
"Btechtards",247350,2021-10-17,"webdev","BTechtards","A community for BTech and Engineering students, aspirants & STEM enthusiasts. From serious discussions, advice-guidance, suggestions to shitposts."
"node",305107,2009-12-15,"webdev","node.js",""
"vim",185431,2008-04-04,"webdev","VIM - Vi IMproved","The place for questions and conversation on the Vim editor"
"IWantOut",2045385,2009-08-24,"webdev","I Want Out: Information for people who want to expatriate","Welcome to r/IWantOut: Reddit's expatriate community. Please take a look at the sidebar for some tips for getting the most out of it."
"dotnet",204944,2008-01-25,"webdev",".NET",".NET Community, if you are using C#, VB.NET, F#, or anything  running with .NET... you are at the right place!"
"EDC",522989,2009-12-21,"webdev","Everyday Carry. What essentials do you carry on a daily basis?","A Reddit space where people can come together to show and discuss their various EDC items, ask questions and receive advice from fellow carriers, and generally promote the enjoyment of EDC.  You never know when you're going to need it!"
"SubredditDrama",1035309,2011-08-25,"webdev","SRD: Popcorn tastes good.","The place where people can come and talk about reddit fights and other dramatic happenings from other subreddits."
"Entrepreneur",4706906,2008-08-21,"webdev|startups","Entrepreneur","Our community brings together individuals driven by a shared commitment to problem-solving, professional networking, and collaborative innovation, all with the goal of making a positive impact. We welcome a diverse range of pursuits, from side projects and small businesses to venture-backed startups and solo ventures. However, this is a space for genuine connection and exchange of ideas, not self-promotion. Please refrain from promoting personal blogs, consulting services, books, MLMs, opinions."
"digitalnomad",2275451,2009-10-15,"webdev","Digital Nomad","Digital Nomads are individuals that leverage technology in order to work remotely and live an independent and nomadic lifestyle."
"ITCareerQuestions",492742,2014-02-03,"webdev","IT Career Questions","This subreddit is designed to help anyone in or interested in the IT field to ask career-related questions."
"software",274561,2008-01-24,"webdev","Software - Anything software-related","Anything software-related. Please follow our rules to avoid getting punished."
"startups",1837104,2008-01-24,"startups","The community for ventures designed to scale rapidly | Read our rules before posting ❤️","Welcome to /r/startups, the place to discuss startup problems and solutions. Startups are companies that are designed to grow and scale rapidly.  Be sure to read and follow all of our rules--we have specific places for common content and requests."
"YouTube_startups",122676,2013-06-08,"startups","YouTube Startups | Grow Your channel on YouTube","This subreddit is to help young YouTube channels get a good start.  You can also meet fellow YouTubers  and try to help each other out."
"StartUpIndia",311607,2015-03-20,"startups","Startup Space For Indians","Startup Community For Indians"
"startup",197469,2008-05-08,"startups","Reddit's Startup Community","Reddit's space to learn the tools and skills necessary to build a successful startup. A community meant to support each other and grow through the exchange of knowledge and ideas. A rising tide lifts all ships in its wake. "
"DynastyFF",166387,2012-07-30,"startups","Fantasy Football All Year Round","r/DynastyFF - Fantasy Football 365 days a year!
Sub up! r/DynastyFFIDP r/DynastyFFTradeAdvice"
"techsupport",3142931,2008-06-10,"startups","TechSupport","Stumped on a tech problem? Ask the community and try to help others with their problems as well.

Note: Reddit is dying due to terrible leadership from CEO /u/spez. Please use our Discord server instead of supporting a company that acts against its users and unpaid moderators."
"sweatystartup",171495,2019-02-04,"startups","sweatystartup","A hub for entrepreneurs of regular old fashioned businesses."
"Bitcoin",7860415,2010-09-09,"startups","Bitcoin - The Currency of the Internet","Bitcoin is the currency of the Internet: a distributed, worldwide, decentralized digital money. Unlike traditional currencies such as dollars, bitcoins are issued and managed without any central authority whatsoever: there is no government, company, or bank in charge of Bitcoin. As such, it is more resistant to wild inflation and corrupt banks. With Bitcoin, you can be your own bank."
"SaaS",289872,2008-07-31,"startups","Software As a Service Companies — The Future Of Tech Businesses","Discussions and useful links for SaaS owners, online business owners, and more."
"business",2476937,2007-09-17,"startups","business","/r/business brings you the best of your business section. From tips for running a business, to pitfalls to avoid, /r/business teaches you the smart moves and helps you dodge the foolish."
"ycombinator",118282,2011-04-11,"startups","Y Combinator","News and discussion around Y Combinator and Y Combinator companies.  

In 2005, Y Combinator created a new model for funding early stage startups. We invest $500,000 in every startup and work intensively with the founders for three months. For the life of their company, founders have access to the most powerful community in the world, essential advice, later-stage funding and programs, recruiting resources, and exclusive deals."
"EntrepreneurRideAlong",576632,2012-04-15,"startups","Entrepreneur Ride Along","This community was started by Rohan (localcasestudy) so people can follow along as he launched and built a business in real time.  That business ended up doing over $20 million in sales. Rohan is now building new businesses transparently. "
"Startup_Ideas",138291,2014-03-07,"startups","Startup ideas - for inventors, entrepreneurs and investors","This subreddit is for sharing innovative startup ideas. Links and discussion about startups and descriptions of startups are welcome! Share ideas. Improve ideas. Expand upon other ideas. Combine ideas. Implement ideas."
"IndiaSpeaks",1109824,2016-03-13,"startups","Reddit India Speaks : Bharatam Vadati","Namaskaram,

We are a friendly and user-focused community for Redditors from India. It is a one stop destination to discuss all the news, entertainment, science & technology, sports, history & culture, economy and geopolitics related to India. Following the millennia old tradition of India, this forum promotes freedom of speech, plurality and open dialogue. Enjoy, collaborate and discuss. Let the churning of the great ocean begin."
"sales",470283,2008-05-29,"startups","Sales and Selling","Everything you need to know about sales, selling, business development, lead generation, prospecting, closing and more!  

Recommended books are linked in the menu and sidebar. Read our rules before posting or commenting.  

Selling, recruiting and blog spam will result in an immediate and permanent ban."
"Windows10",471286,2012-06-11,"startups","Windows 10","Welcome to the largest community for Microsoft Windows 10, the world's most popular computer operating system!

This is not a tech support subreddit, use r/WindowsHelp or r/TechSupport to get help with your PC"
"electricvehicles",350316,2009-04-20,"startups","Electric Vehicle News and Discussion","The future of sustainable transportation is here! This is the Reddit community for EV owners and enthusiasts. Join and Discuss evolving technology, new entrants, charging infrastructure, government policy, and the ins and outs of EV ownership right here."
"smallbusiness",2124308,2009-01-08,"startups","smallbusiness: Questions about starting, owning and growing a small business","This sub is not for advertisements! Questions and answers about starting, owning, and growing a small business only."
"streetwearstartup",829249,2013-11-22,"startups","Streetwear Startup ","This subreddit serves to be a platform for streetwear brand owners (startups and established) to discuss ideas, trade knowledge, share your brand, and connect with others."
"pcmasterrace",15186081,2011-04-30,"startups","PC Master Race - PCMR: A place where all enthusiasts of PC, PC gaming and PC technology are welcome!","Welcome to the official subreddit of the PC Master Race / PCMR!

All PC-related content is welcome, including build help, tech support, and any doubt one might have about PC ownership.

You don't necessarily need a PC to be a member of the PCMR. You just have to love PCs. It's not about the hardware in your rig, but the software in your heart!

Join us in celebrating and promoting tech, knowledge, and the best gaming, study, and work platform there exists. The Personal Computer."
"biotech",178774,2009-05-14,"startups","Biotech - Engineering Biology to Service Us","News about any technological application that uses biological systems, living organisms, or derivatives thereof, to make or modify products or processes for specific use. | Or we can talk about career advice. Whatever."
"ethtrader",2317099,2015-03-25,"startups","Ethereum Investment & Trading Community","r/EthTrader is a community-driven subreddit where users can discuss all things Ethereum, general cryptocurrency updates, and the macroeconomic factors impacting the market."
"IAmA",22473129,2009-05-27,"startups","IAmA","I Am A, where the mundane becomes fascinating and the outrageous suddenly seems normal."
"marketing",1836559,2008-03-23,"startups","Marketing & Advertising","For marketing communications + advertising industry professionals to discuss and ask questions related to marketing strategy, media planning, digital, social, search, campaigns, data science, email, user experience, content, copywriting, segmentation, attribution, data visualization, testing, optimization, and martech. Get advice, ask questions, or discuss any marketing-related topics. We are a support network for people working at brands, businesses, agencies, vendors, and academia."
"ProductManagement",204828,2009-10-04,"startups","Product Management","Product Management"
"ExperiencedDevs",281658,2018-01-22,"startups","Experienced Devs","For experienced developers. This community should be specialized subreddit facilitating discussion amongst individuals who have gained some ground in the software engineering world. 

Any posts or comments that are made by inexperienced individuals (outside of the weekly Ask thread) should be reported.

Anything not specifically related to development or career advice that is _specific_ to Experienced Developers belongs elsewhere. Try /r/work, /r/AskHR, /r/careerguidance, or /r/OfficePolitics."
"space",27843201,2008-01-26,"startups","/r/space: news, articles and discussion","Share & discuss informative content on:

* Astrophysics
* Cosmology
* Space Exploration
* Planetary Science
* Astrobiology"
"Buttcoin",197248,2011-07-18,"startups","Buttcoin: backed by gold, comedy gold!","ButtCoin.  It's a scam.  At least we're honest about it!

Join this discord to chat: https://discord.gg/sEKCFCegp7"
"energy",243334,2008-03-19,"startups","/r/Energy: News & Discussion",""
"hoggit",112180,2012-02-06,"startups","Hoggit Fighter Wing","Welcome to /r/hoggit, a noob-friendly community for fans of high-fidelity combat flight simulation. Discussion primarily focuses on DCS: World and BMS. This is not a full on reprimand-you-for-having-your-navigation-lights-on-when-you-shouldn't-have type outfit here. You'll find we foster a laid back atmosphere to learn how to work the various modules available in DCS."
"windows",335363,2008-01-25,"startups","Windows","This is not a tech support subreddit, use r/WindowsHelp or r/TechSupport to get help with your PC.


Welcome to the largest unofficial community for Microsoft Windows, the world's most popular desktop computer operating system!"
"oculus",543297,2012-08-01,"startups","The Oculus Subreddit","**The Oculus subreddit, a place for Oculus fans to discuss VR.**"
